{
    "semester1": {
      "CHEM 1111": {
        "courseCode": "CHEM 1111",
        "courseName": "Fundamentals of Chemistry Lab",
        "credits": 1,
        "heading": "CHEM 1111 - Fundamentals of Chemistry Lab",
        "lectureContactHours": 0,
        "labContactHours": 3,
        "prerequisite": "Credit for or concurrent enrollment in CHEM 1311.",
        "description": "Illustrates and reinforces principles and concepts by use of qualitative and quantitative experiments, emphasizing interpretation and reporting of data and facility in handling scientific instruments.",
        "repeatability": "No",
        "note": "Credit may not be applied toward a degree for both CHEM 1111 and CHEM 1105 or CHEM 1117.",
        "tccns": "TCCNS Equivalent: CHEM 1111",
        "additionalFee": "Y"
      },
      "CHEM 1311": {
        "courseCode": "CHEM 1311",
        "courseName": "Fundamentals of Chemistry",
        "credits": 3,
        "heading": "CHEM 1311 - Fundamentals of Chemistry",
        "lectureContactHours": 3,
        "labContactHours": 0,
        "prerequisite": "MATH 2312 or equivalent.",
        "description": "General principles, fundamental laws, atomic & molecular structure, states of matter, & elementary inorganic, nuclear & organic chemistry.",
        "repeatability": "No",
        "note": "For science and engineering majors. May not be applied toward a degree until CHEM 1111 is successfully completed. Credit may not be applied to a degree for both CHEM 1311 and CHEM 1305 or CHEM 1372.",
        "coreCategory": "(30) Core-Life & Physical Sciences",
        "tccns": "TCCNS Equivalent: CHEM 1311",
        "additionalFee": "Y"
      },
      "ENGI 1100": {
        "courseCode": "ENGI 1100",
        "courseName": "Introduction to Engineering",
        "credits": 1,
        "heading": "ENGI 1100 - Introduction to Engineering",
        "lectureContactHours": 1,
        "labContactHours": 0,
        "prerequisite": "Concurrent enrollment in ENGL 1301.",
        "corequisite": "May be taken concurrently with ENGL 1301.",
        "description": "A non-course competency-based option comprising 15-30 hours of mandatory individual tutoring to address developmental writing outcomes that students have not mastered. The tutoring supports the development of college-level writing through practice in the writing process.",
        "repeatability": "No",
        "note": "Must be taken concurrently with ENGL 1301.",
        "additionalFee": "Y"
      },
      "ENGL 1301": {
        "courseCode": "ENGI 1301",
        
        "courseName": "First Year Writing I",
        "credits": 3,
        "lectureContactHours": 3,
        "heading": "ENGL 1301 - First Year Writing I",
        "labContactHours": 0,
        "prerequisite": "A TSI placement score of at least 340, and an essay score of at least a 4 on the TSI Writing Assessment; or a placement score of less than 340, and an ABE Diagnostic level of at least 4, and an essay score of at least 5 on the TSI Writing Assessment; and a score ranging from 351 to 390 on the TSI Reading Assessment. Students may exempt the TSI by obtaining satisfactory scores on other accepted standardized tests. See http://www.uh.edu/ussc/tsi/ for details.",
        "description": "",
        "repeatability": "No",
        "note": "Students who score below the minimum on the TSI must enroll concurrently in ENGL 1300 or, if slightly below the minimum writing score, in ENGL 1100. Students who score below the minimum on the TSI Reading Assessment must enroll concurrently in IRW 1300.",
        "coreCategory": "(10) Core-Communication",
        "tccns": "TCCNS Equivalent: ENGL 1301",
        "additionalFee": "Y"
      },
      "HIST 1301": {
        "courseCode": "HIST 1301",
        "courseName": "The United States To 1877",
        "credits": 3,
        "lectureContactHours": 3,
        "labContactHours": 0,
        "prerequisite": "",
        "description": "The social, economic, and political history of the United States to 1877.",
        "repeatability": "No",
        "note": "",
        "coreCategory": "(60) Core-American History",
        "additionalFee": "Yes",
        "formerly": "HIST 1377"
      },
      "MATH 2413": {
        "courseCode": "MATH 2413",
        "courseName": "Calculus I",
        "credits": 4,
        "heading": "MATH 2413 - Calculus I",
        "lectureContactHours": 3,
        "labContactHours": 3,
        "prerequisite": "Credit for MATH 2312 with a grade of C- or higher, or a satisfactory score on a placement examination.",
        "description": "Calculus of rational functions, limits, derivatives, applications of the derivative, antiderivatives, the definite integral with applications, mean value theorem, fundamental theorem of calculus, and numerical integration.",
        "repeatability": "Yes",
        "note": "",
        "coreCategory": "(90) Core-Math/Reasoning, Component Area Option, (20) Core-Mathematics",
        "additionalFee": "Y"
      }
    },
    "semester2": {
      "ENGI 1331": {
        "courseCode": "ENGI 1331",
        "courseName": "Computing for Engineers",
        "credits": 3,
        "heading": "ENGI 1331 - Computing and Problem Solving for Engineers",
        "lectureContactHours": 3,
        "labContactHours": 0,
        "prerequisite": "ENGI 1100, MATH 2413 and CHEM 1311 OR PHYS 2325.",
        "description": "Engineering undergraduate standing or permission of the Director of Undergraduate Programs in Engineering. Introduction to computing; matrix arithmetic, programming constructs, algorithms and graphical visualization using MATLAB; problem solving applications in engineering analysis and design.",
        "repeatability": "No",
        "note": "",
        "coreCategory": "",
        "additionalFee": "Y"
      },
      "ENGL 1302": {
        "courseCode": "ENGL 1302",
        "courseName": "First Year Writing II",
        "credits": 3,
        "heading": "ENGL 1302 - First Year Writing II",
        "lectureContactHours": 3,
        "labContactHours": 0,
        "prerequisite": "ENGL 1301 or equivalent.",
        "description": "Detailed study of the principles of rhetoric as applied to analyzing and writing argumentative and persuasive essays; principles and methods of research, culminating in writing a substantial research paper.",
        "repeatability": "No",
        "note": "Credit may not be received for both ENGL 1302 and ENGL 1310 or ENGL 1370.",
        "coreCategory": "(10) Core-Communication",
        "additionalFee": "Y"
      },
      "HIST 1302": {
        "courseCode": "HIST 1302",
        "courseName": "The United States Since 1877",
        "credits": 3,
        "heading": "HIST 1302 - The United States Since 1877",
        "lectureContactHours": 3,
        "labContactHours": 0,
        "prerequisite": "",
        "description": "The social, economic, and political history of the United States since 1877.",
        "repeatability": "No",
        "note": "",
        "coreCategory": "(60) Core-American History",
        "additionalFee": "Yes"
      },
      "MATH 2414": {
        "courseCode": "MATH 2414",
        "courseName": "Calculus II",
        "credits": 4,
        "heading": "MATH 2414 - Calculus II",
        "lectureContactHours": 3,
        "labContactHours": 3,
        "prerequisite": "Credit for MATH 2413 with a grade of C- or higher.",
        "description": "Calculus of transcendental functions: additional techniques and applications of integration, indeterminate forms, improper integrals, Taylor’s formula, and infinite series.",
        "repeatability": "Yes",
        "note": "",
        "coreCategory": "(90) Core-Math/Reasoning, Component Area Option",
        "additionalFee": "Y"
      },
      "PHYS 2325": {
        "courseCode": "PHYS 2325",
        "courseName": "University Physics I",
        "credits": 3,
        "heading": "PHYS 2325 - University Physics I",
        "lectureContactHours": 3,
        "labContactHours": 1,
        "prerequisite": "",
        "corequisite": "Credit for or concurrent enrollment in MATH 2414.",
        "description": "First semester of a two part calculus-based course covering mechanics of one- and two-dimensional motion, dynamics, energy, momentum, rotational dynamics and kinematics, statics, gravity, oscillations, waves and fluids.",
        "repeatability": "No",
        "note": "Primarily for science and engineering majors. Credit may not be applied toward degree for both PHYS 2325 and PHYS 1301.",
        "coreCategory": "(30) Core-Life & Physical Sciences",
        "additionalFee": "Y"
      },
      "PHYS 2125": {
        "courseCode": "PHYS 2125",
        "courseName": "University Physics Laboratory I",
        "credits": 1,
        "heading": "PHYS 2125 - University Physics Laboratory I",
        "lectureContactHours": 0,
        "labContactHours": 3,
        "prerequisite": "",
        "corequisite": "Credit for or concurrent enrollment in PHYS 2325.",
        "description": "Experiments in mechanics and wave motion.",
        "repeatability": "No",
        "note": "Credit may not be applied toward a degree for both PHYS 2125 and PHYS 1101.",
        "coreCategory": "",
        "additionalFee": "Y"
      }
    },
    "semester3": {
      "ECE 2201": {
        "courseCode": "ECE 2201",
        "courseName": "Circuit Analysis I",
        "credits": 2,
        "heading": "ECE 2201 - Circuit Analysis I",
        "lectureContactHours": 1,
        "labContactHours": 3,
        "prerequisite": "ENGI 1100, ENGI 1331, ENGL 1301 or ENGL 1309, ENGL 1302 or ENGL 1310, MATH 2413, MATH 2414, PHYS 2125, PHYS 2325.",
        "corequisite": "MATH 2415, MATH 3321, or MATH 2318 and MATH 3331, PHYS 2126, and PHYS 2326.",
        "description": "Analysis of resistive circuits, including node voltage and mesh current methods, and Thevenin and Norton equivalent circuits.",
        "repeatability": "No",
        "note": "Major exams given on Saturdays.",
        "coreCategory": "",
        "additionalFee": "Yes"
      },
      "MATH 2415": {
        "courseCode": "MATH 2415",
        "courseName": "Calculus III",
        "credits": 4,
        "heading": "MATH 2415 - Calculus III",
        "lectureContactHours": 3,
        "labContactHours": 3,
        "prerequisite": "MATH 2414.",
        "description": "Calculus of functions of several variables: calculus of vector-valued functions, partial differentiation, multiple integrals.",
        "repeatability": "Yes",
        "note": "",
        "coreCategory": "",
        "additionalFee": "Y"
      },
      "MATH 3321": {
        "courseCode": "MATH 3321",
        "courseName": "Engineering Mathematics",
        "credits": 3,
        "heading": "MATH 3321 - Engineering Mathematics",
        "lectureContactHours": 3,
        "labContactHours": 0,
        "prerequisite": "MATH 2414.",
        "description": "First order ordinary differential equations and initial value problems; higher order differential equations; vector spaces, matrices, determinants, eigenvectors and eigenvalues; applications to systems of first order equations; Laplace transforms.",
        "repeatability": "No",
        "note": "Students may not receive credit for both MATH 3321 and MATH 3331.",
        "coreCategory": "",
        "additionalFee": "Y"
      },
      "PHYS 2326": {
        "courseCode": "PHYS 2326",
        "courseName": "University Physics II",
        "credits": 3,
        "heading": "PHYS 2326 - University Physics II",
        "lectureContactHours": 3,
        "labContactHours": 1,
        "prerequisite": "PHYS 2325",
        "corequisite": "Credit for or concurrent enrollment in MATH 2415.",
        "description": "Second semester of a two part calculus-based course covering thermodynamics, electricity, magnetism, electromagnetic waves, optics, and modern physics.",
        "repeatability": "No",
        "note": "Primarily for science and engineering majors. Credit may not be applied toward degree for both PHYS 2326 and PHYS 1302.",
        "coreCategory": "(30) Core-Life & Physical Sciences",
        "additionalFee": "Y"
      },
      "PHYS 2126": {
        "courseCode": "PHYS 2126",
        "courseName": "University Physics Laboratory II",
        "credits": 1,
        "heading": "PHYS 2126 - University Physics Laboratory II",
        "lectureContactHours": 0,
        "labContactHours": 3,
        "prerequisite": "",
        "corequisite": "Credit for or concurrent enrollment in PHYS 2326.",
        "description": "Experiments in thermodynamics, electricity, magnetism, and optics.",
        "repeatability": "No",
        "note": "Credit may not be applied toward a degree for PHYS 2126 and PHYS 1102.",
        "coreCategory": "",
        "additionalFee": "Y"
      },
      "GOVT 2306": {
        "courseCode": "GOVT 2306",
        "courseName": "U.S. & TX Constitution/Politics",
        "credits": 3,
        "heading": "GOVT 2306 - U.S. & TX Constitution/Politics",
        "lectureContactHours": 3,
        "labContactHours": 0,
        "prerequisite": "",
        "description": "Introduction to the constitutions and politics of the United States and Texas, emphasizing constitutional structure, federalism, separation of powers, limited government, public opinion, elections, and civil liberties. (Introductory category)",
        "repeatability": "No",
        "note": "",
        "coreCategory": "(70) Core-Government/Political Science",
        "additionalFee": "Y",
        "formerly": "POLS 1336"
      }
    },
    "semester4": {
      "ENGI 2304": {
        "courseCode": "ENGI 2304",
        "courseName": "Technical Communications",
        "credits": 3,
        "heading": "ENGI 2304 - Technical Communications",
        "lectureContactHours": 3,
        "labContactHours": 0,
        "prerequisite": "ENGI 1100, ENGL 1302, engineering undergraduate standing, and completion of one of the following courses: ECE 2201, CHEE 2331, ENGR 2301, INDE 2333, MECE 2336, PETR 2311 or permission of the Director of Undergraduate Programs.",
        "description": "Engineering communication skills: written proposals, specifications, progress reports, and technical reports; individual and group oral presentations; essays on engineering ethics, contemporary engineering issues and the impact of engineering decisions.",
        "repeatability": "No",
        "note": "",
        "coreCategory": "(81) Core-Writing in Discipline WID",
        "additionalFee": "Y"
      },
      "ECE 2202": {
        "courseCode": "ECE 2202",
        "courseName": "Circuit Analysis II",
        "credits": 2,
        "heading": "ECE 2202 - Circuit Analysis II",
        "lectureContactHours": 1,
        "labContactHours": 3,
        "prerequisite": "ECE 2201 and PHYS 2126.",
        "description": "Analysis of electric circuits, including inductors, capacitors, and first order circuits; sinusoidal analysis.",
        "repeatability": "No",
        "note": "",
        "coreCategory": "",
        "additionalFee": "N"
      },
      "ECE 2100": {
        "courseCode": "ECE 2100",
        "courseName": "Circuit Analysis Laboratory",
        "credits": 1,
        "heading": "ECE 2100 - Circuit Analysis Laboratory",
        "lectureContactHours": 0,
        "labContactHours": 3,
        "prerequisite": "Credit for or concurrent enrollment in ECE 2202.",
        "description": "Introduction to the electronics laboratory equipment. Introductory experiments in circuit analysis. Formal report writing. This laboratory course is a prerequisite for all other ECE laboratory courses.",
        "repeatability": "No",
        "note": "",
        "coreCategory": "",
        "additionalFee": "N"
      },
      "ECE 3331": {
        "courseCode": "ECE 3331",
        "courseName": "Programming Applications in ECE",
        "credits": 3,
        "heading": "ECE 3331 - Programming Applications in ECE",
        "lectureContactHours": 3,
        "labContactHours": 0,
        "prerequisite": "MATH 3321 and credit for or concurrent enrollment in ECE 2201.",
        "description": "Procedural programming in C and C++, with applications in electrical and computer engineering.",
        "repeatability": "No",
        "note": "",
        "coreCategory": "",
        "additionalFee": "N"
      },
      "ECE 3441": {
        "courseCode": "ECE 3441",
        "courseName": "Digital Logic Design",
        "credits": 4,
        "heading": "ECE 3441 - Digital Logic Design",
        "lectureContactHours": 3,
        "labContactHours": 3,
        "prerequisite": "ECE 2201.",
        "description": "Boolean algebra, combinational logic, sequential machine analysis and synthesis.",
        "repeatability": "No",
        "note": "",
        "coreCategory": "",
        "additionalFee": "Y"
      },
      "CORE": {
        "courseCode": "CORE",
        "courseName": "Creative Arts",
        "credits": 3,
        "heading": "CORE - Creative Arts",
        "labContactHours": 0,
        "prerequisite": "",
        "description": "",
        "repeatability": "",
        "note": "",
        "coreCategory": "",
        "additionalFee": ""
      }
    },
    "semester5": {
      "COSC 1437": {
        "courseCode": "COSC 1437",
        "courseName": "Intro to Programming",
        "credits": 4,
        "heading": "COSC 1437 - Intro to Programming",
        "lectureContactHours": 3,
        "labContactHours": 1,
        "prerequisite": "A grade of C- or better in COSC 1336, and credit for or concurrent enrollment in MATH 2413.",
        "description": "Fundamental concepts of structured programming; procedures and elementary data structures with a focus on problem solving strategies and implementation; computer organization, structured procedural programming, C/C++ programming language, and algorithm design.",
        "repeatability": "No",
        "note": "",
        "coreCategory": "",
        "additionalFee": "N"
      },
      "ECE 3155": {
        "courseCode": "ECE 3155",
        "courseName": "Electronics Lab",
        "credits": 1,
        "heading": "ECE 3155 - Electronics Lab",
        "lectureContactHours": 0,
        "labContactHours": 4,
        "prerequisite": "ECE 2100 and ENGI 2304 and credit for or concurrent enrollment in ECE 3355.",
        "description": "Laboratory projects concerning topics studied in electronics.",
        "repeatability": "No",
        "note": "",
        "coreCategory": "",
        "additionalFee": "N"
      },
      "ECE 3355": {
        "courseCode": "ECE 3355",
        "courseName": "Electronics",
        "credits": 3,
        "heading": "ECE 3355 - Electronics",
        "lectureContactHours": 3,
        "labContactHours": 0,
        "prerequisite": "ECE 2202.",
        "corequisite": "Credit for or concurrent enrollment in ECE 3337 and ECE 3155.",
        "description": "Signal and amplifier concepts; operational amplifiers; diodes and nonlinear circuits; bipolar junction transistors; biasing, small and large signal analysis; transistor amplifiers.",
        "repeatability": "No",
        "note": "",
        "coreCategory": "",
        "additionalFee": "Y"
      },
      "ECE 3436": {
        "courseCode": "ECE 3436",
        "courseName": "Microprocessors",
        "credits": 4,
        "heading": "ECE 3436 - Microprocessors",
        "lectureContactHours": 3,
        "labContactHours": 3,
        "prerequisite": "ECE 3331 and ECE 3441.",
        "corequisite": "Credit for or concurrent enrollment in ECE 2100.",
        "description": "Memory devices, microcomputer architecture, assembly language programming, I/O programming, I/O interface design, data communications, and data acquisition systems. Laboratory exercises in assembly language and C.",
        "repeatability": "No",
        "note": "",
        "coreCategory": "",
        "additionalFee": "Y"
      },
      "ECE 3337": {
        "courseCode": "ECE 3337",
        "courseName": "Signal & System Analysis",
        "credits": 3,
        "heading": "ECE 3337 - Signal & System Analysis",
        "lectureContactHours": 3,
        "labContactHours": 0,
        "prerequisite": "ECE 2202.",
        "description": "Time and frequency domain techniques for signals and systems analysis. Engineering applications of the convolution integral, Fourier series and transforms, and Laplace transforms.",
        "repeatability": "No",
        "note": "",
        "coreCategory": "",
        "additionalFee": "Y"
      },
      "ECE 3317": {
        "courseCode": "ECE 3317",
        "courseName": "Applied EM Waves",
        "credits": 3,
        "heading": "ECE 3317 - Applied EM Waves",
        "lectureContactHours": 3,
        "labContactHours": 0,
        "prerequisite": "PHYS 2126 and PHYS 2326.",
        "description": "Maxwell’s equations in time and frequency domains, Poynting’s theorem, plane wave propagation, reflection and transmission in lossless and lossy media, transmission lines, waveguides, and antennas.",
        "repeatability": "No",
        "note": "",
        "coreCategory": "",
        "additionalFee": "Y"
      }
    },
    "semester6": {
      "MATH 2305": {
        "courseCode": "MATH 2305",
        "courseName": "Discrete Math",
        "credits": 3,
        "heading": "MATH 2305 - Discrete Math",
        "lectureContactHours": 3,
        "labContactHours": 0,
        "prerequisite": "MATH 2318 or equivalent.",
        "description": "Topics selected from logic, set theory, combinatorics, and graph theory.",
        "repeatability": "No",
        "note": "",
        "coreCategory": "",
        "additionalFee": "Y"
      },
      "ECE 5367": {
        "courseCode": "ECE 5367",
        "courseName": "Intro to Comp Architecture Design",
        "credits": 3,
        "heading": "ECE 5367 - Intro to Comp Architecture Design",
        "lectureContactHours": 3,
        "labContactHours": 0,
        "prerequisite": "ECE 3436 and ECE 3441.",
        "description": "Computer organization, computer arithmetic, instruction sets, programming with MIPS assembly language, CPU design, pipelining, and memory hierarchy including caching and virtual memory.",
        "repeatability": "No",
        "note": "",
        "coreCategory": "",
        "additionalFee": "N"
      },
      "ECE Elect/Lab": {
        "courseCode": "ECE Elect/Lab",
        "courseName": "ECE Elective and Lab",
        "credits": 4,
        "heading": "ECE Elective and Lab",
        "lectureContactHours": 4,
        "labContactHours": 0,
        "prerequisite": "",
        "description": "",
        "repeatability": "",
        "note": "",
        "coreCategory": "",
        "additionalFee": ""
      },
      "INDE 2333": {
        "courseCode": "INDE 2333",
        "courseName": "Engineering Statistics I",
        "credits": 3,
        "heading": "INDE 2333 - Engineering Statistics I",
        "lectureContactHours": 3,
        "labContactHours": 0,
        "prerequisite": "MATH 2414 and ENGI 1331.",
        "description": "Basic concepts of probability, discrete and continuous probability distributions, joint distributions for two random variables, covariance and correlation, descriptive statistics, and one-sample statistical inference (confidence interval and hypothesis testing) for engineering problems.",
        "repeatability": "No",
        "note": "",
        "coreCategory": "",
        "additionalFee": "Y"
      },
      "ECON 2302": {
        "courseCode": "ECON 2302",
        "courseName": "Principles of Microeconomics",
        "credits": 3,
        "heading": "ECON 2302 - Principles of Microeconomics",
        "lectureContactHours": 3,
        "labContactHours": 0,
        "prerequisite": "MATH 1314 or equivalent or consent of instructor.",
        "description": "Individual consumer and firm behavior, supply and demand and the market determination or prices, production, and income. Includes government price ceilings, monopoly and antitrust, market failures and environmental pollution.",
        "repeatability": "No",
        "note": "",
        "coreCategory": "(80) Core-Social & Behavioral Science",
        "tccns": "TCCNS Equivalent: ECON 2302",
        "additionalFee": "Y"
      }
    },
    "semester7": {
      "COSC 2436": {
        "courseCode": "COSC 2436",
        "courseName": "Programming and Data Structures",
        "credits": 4,
        "heading": "COSC 2436 - Programming and Data Structures",
        "lectureContactHours": 3,
        "labContactHours": 1,
        "prerequisite": "A grade of C- or better in COSC 1437 and credit for or concurrent enrollment in MATH 2414.",
        "description": "Introduction to fundamental data structures: arrays, lists, stacks, queues, hash tables, trees; sorting and searching; graph algorithms; design, analysis, and comparison of algorithms. Correctness verification techniques such as assertions and invariants. Review program specification, unit testing, and debugging.",
        "repeatability": "No",
        "note": "",
        "coreCategory": "",
        "additionalFee": "N"
      },
      "ECE 4335": {
        "courseCode": "ECE 4335",
        "courseName": "ECE Design I",
        "credits": 3,
        "heading": "ECE 4335 - ECE Design I",
        "lectureContactHours": 2,
        "labContactHours": 3,
        "prerequisite": "ECE 3155, ECE 3317, ECE 3340, ECE 3355, ECE 3436, INDE 2333, and a core approved economics elective.",
        "description": "Propose and begin team projects involving open-ended design problems supplied by industry and faculty. Professionalism, research methodologies, design tools, and technical communication.",
        "repeatability": "No",
        "note": "",
        "coreCategory": "",
        "additionalFee": ""
      },
      "ECE 3457": {
        "courseCode": "ECE 3457",
        "courseName": "Digital Electronics",
        "credits": 4,
        "heading": "ECE 3457 - Digital Electronics",
        "lectureContactHours": 3,
        "labContactHours": 3,
        "prerequisite": "ECE 3355.",
        "description": "Analysis of discrete and integrated digital electronic devices and components and their use in the design and implementation of digital circuits.",
        "repeatability": "No",
        "note": "",
        "coreCategory": "",
        "additionalFee": ""
      },
      "CpE Elect/Lab": {
        "courseCode": "CpE Elect/Lab",
        "courseName": "Approved CpE Elective and Lab",
        "credits": 4,
        "heading": "Approved CpE Elective and Lab",
        "labContactHours": 4,
        "prerequisite": "",
        "description": "",
        "repeatability": "",
        "note": "",
        "coreCategory": "",
        "additionalFee": ""
      }
    },
    "semester8": {
      "GOVT 2305": {
        "courseCode": "GOVT 2305",
        "courseName": "U.S. Government",
        "credits": 3,
        "heading": "GOVT 2305 - U.S. Government",
        "lectureContactHours": 3,
        "labContactHours": 0,
        "prerequisite": "",
        "description": "Introduction to the institutions of government with an emphasis on the congress, the president, and the federal courts. (Introductory category.)",
        "repeatability": "No",
        "note": "Formerly POLS 1337",
        "coreCategory": "(70) Core-Government/Political Science",
        "additionalFee": "Y"
      },
      "ECE 4336": {
        "courseCode": "ECE 4336",
        "courseName": "ECE Design II",
        "credits": 3,
        "heading": "ECE 4336 - ECE Design II",
        "lectureContactHours": 2,
        "labContactHours": 3,
        "prerequisite": "ECE 4335 and graduating senior standing.",
        "description": "Complete, construct, demonstrate, and defend team projects begun in ECE 4335.",
        "repeatability": "No",
        "note": "",
        "coreCategory": "",
        "additionalFee": "N"
      },
      "CpE Elect/Lab": {
        "courseCode": "CpE Elect/Lab",
        "courseName": "Approved CpE Elective and Lab",
        "credits": 4,
        "labContactHours": 3,
        "prerequisite": "",
        "description": "",
        "repeatability": "",
        "note": "",
        "coreCategory": "",
        "additionalFee": ""
      },
      "COSC 4351": {
        "courseCode": "COSC 4351",
        "courseName": "Fundamentals of Software Engr",
        "credits": 3,
        "heading": "COSC 4351 - Fundamentals of Software Engr",
        "lectureContactHours": 3,
        "labContactHours": 0,
        "prerequisite": "COSC majors and minors: A grade of C- or better in COSC 3320 and MATH 3336; CpE majors: A grade of C- or better in COSC 2320 and MATH 3336.",
        "description": "Introduction to the concepts of software engineering. Identification of problems related to the development of large software systems. Software project planning, requirements analysis, design, implementation, quality assurance and maintenance.",
        "repeatability": "No",
        "note": "Typically Offered: Fall",
        "coreCategory": "",
        "additionalFee": "Y"
      },
      "CORE": {
        "courseCode": "CORE",
        "courseName": "Language Philosophy & Culture",
        "credits": 3,
        "heading": "CORE - Language Philosophy & Culture",
        "lectureContactHours": 3,
        "labContactHours": 0,
        "prerequisite": "",
        "description": "",
        "repeatability": "",
        "note": "",
        "coreCategory": "",
        "additionalFee": ""
      }
    }
  }
  